{
  "files" : [ {
    "remoteURL" : "https://downloads.arduino.cc/libraries/library_index.json.gz",
    "localPath" : "C:\\Users\\Admin\\AppData\\Local\\Arduino15\\cache\\downloads.arduino.cc\\libraries\\library_index.json.gz",
    "eTag" : "1460c3f106420a14e00e2ba89a325a16",
    "md5" : "MD5:1460c3f106420a14e00e2ba89a325a16",
    "createdAt" : "2020-11-21T16:32:08.678",
    "cacheControl" : {
      "maxAge" : 14400,
      "mustRevalidate" : false,
      "noCache" : false,
      "noStore" : false
    },
    "expires" : "2020-11-21T20:32:08.678"
  }, {
    "remoteURL" : "https://downloads.arduino.cc/packages/package_index.json.sig",
    "localPath" : "C:\\Users\\Admin\\AppData\\Local\\Arduino15\\cache\\downloads.arduino.cc\\packages\\package_index.json.sig",
    "eTag" : "03a575db7421e607d137d55e42f1ad4d",
    "md5" : "MD5:03a575db7421e607d137d55e42f1ad4d",
    "createdAt" : "2020-11-21T16:32:07.12",
    "cacheControl" : {
      "maxAge" : 3600,
      "mustRevalidate" : false,
      "noCache" : false,
      "noStore" : false
    },
    "expires" : "2020-11-21T17:32:07.120"
  }, {
    "remoteURL" : "https://downloads.arduino.cc/libraries/library_index.json.sig",
    "localPath" : "C:\\Users\\Admin\\AppData\\Local\\Arduino15\\cache\\downloads.arduino.cc\\libraries\\library_index.json.sig",
    "eTag" : "be3ff1955bc4ddae52e4924b2bc4816a",
    "md5" : "MD5:be3ff1955bc4ddae52e4924b2bc4816a",
    "createdAt" : "2020-11-21T16:32:09.026",
    "cacheControl" : {
      "maxAge" : 14400,
      "mustRevalidate" : false,
      "noCache" : false,
      "noStore" : false
    },
    "expires" : "2020-11-21T20:32:09.026"
  }, {
    "remoteURL" : "https://downloads.arduino.cc/packages/package_index.json",
    "localPath" : "C:\\Users\\Admin\\AppData\\Local\\Arduino15\\cache\\downloads.arduino.cc\\packages\\package_index.json",
    "eTag" : "e714cbb590512bb730b1c90d74a1794f",
    "md5" : "MD5:e714cbb590512bb730b1c90d74a1794f",
    "createdAt" : "2020-11-21T16:32:06.624",
    "cacheControl" : {
      "maxAge" : 3600,
      "mustRevalidate" : false,
      "noCache" : false,
      "noStore" : false
    },
    "expires" : "2020-11-21T17:32:06.624"
  } ]
}