{
  "packages": [
    {
      "name": "arduboy-homemade",
      "maintainer": "Mr.Blinky",
      "websiteURL": "https://github.com/MrBlinky/Arduboy-homemade-package",
      "email": "mstr.blinky@gmail.com",
      "help": {
	    "string": "community help",
        "online": "http://community.arduboy.com/"
      },
      "platforms": [
        {
          "name": "Arduboy homemade package",
          "architecture": "avr",
          "version": "1.2.0",
          "category": "Contributed",
          "help": {
            "online": "http://community.arduboy.com/"
          },
          "url": "https://github.com/MrBlinky/Arduboy-homemade-package/raw/master/board-package/arduboy-homebrew-1.2.0.zip",
          "archiveFileName": "arduboy-homebrew-1.2.0.zip",
          "checksum": "SHA-256:0ac9ba429cd8ce01807a34b16f8b09513b6d83d42eaaedc75ec8320163e9c445",
          "size": "798690",
          "boards": [
            {"name": "Arduboy production"},
            {"name": "Arduboy DevKit"},
            {"name": "Arduino Leonardo"},
            {"name": "Arduino / Genuino Micro"},
            {"name": "SparkFun ProMicro 5V"}
          ],
          "toolsDependencies": [
		  ]
        },
        {
          "name": "Arduboy homemade package",
          "architecture": "avr",
          "version": "1.2.1",
          "category": "Contributed",
          "help": {
            "online": "http://community.arduboy.com/"
          },
          "url": "https://github.com/MrBlinky/Arduboy-homemade-package/raw/master/board-package/arduboy-homebrew-1.2.1.zip",
          "archiveFileName": "arduboy-homebrew-1.2.1.zip",
          "checksum": "SHA-256:8bb978e45cf0b7de971e76d9b876fe0833bfb2162efb54e2125bb016c9890198",
          "size": "796699",
          "boards": [
            {"name": "Arduboy production"},
            {"name": "Arduboy DevKit"},
            {"name": "Arduino Leonardo"},
            {"name": "Arduino / Genuino Micro"},
            {"name": "SparkFun ProMicro 5V"}
          ],
          "toolsDependencies": [
		  ]
        },
        {
          "name": "Arduboy homemade package",
          "architecture": "avr",
          "version": "1.2.2",
          "category": "Contributed",
          "help": {
            "online": "http://community.arduboy.com/"
          },
          "url": "https://raw.githubusercontent.com/MrBlinky/Arduboy-homemade-package/master/board-package/arduboy-homemade-1.2.2.zip",
          "archiveFileName": "arduboy-homemade-1.2.2.zip",
          "checksum": "SHA-256:28a09f2367364d3323fe03a45bfb9b0d509676a39ecba3681c1eabf8626d3116",
          "size": "819569",
          "boards": [
            {"name": "Arduboy production"},
            {"name": "Arduboy DevKit"},
            {"name": "Arduino Leonardo"},
            {"name": "Arduino / Genuino Micro"},
            {"name": "SparkFun ProMicro 5V"}
          ],
          "toolsDependencies": [
		  ]
        },
        {
          "name": "Arduboy homemade package",
          "architecture": "avr",
          "version": "1.2.3",
          "category": "Contributed",
          "help": {
            "online": "http://community.arduboy.com/"
          },
          "url": "https://raw.githubusercontent.com/MrBlinky/Arduboy-homemade-package/master/board-package/arduboy-homemade-1.2.3.zip",
          "archiveFileName": "arduboy-homemade-1.2.3.zip",
          "checksum": "SHA-256:3eeb910d0ceac6ef71410f7ceba025e822958fd3bde25b28de817c21551aa61e",
          "size": "857635",
          "boards": [
            {"name": "Arduboy production"},
            {"name": "Arduboy DevKit"},
            {"name": "Arduino Leonardo"},
            {"name": "Arduino / Genuino Micro"},
            {"name": "SparkFun ProMicro 5V"}
          ],
          "toolsDependencies": [
		  ]
        },
        {
          "name": "Arduboy homemade package",
          "architecture": "avr",
          "version": "1.2.4",
          "category": "Contributed",
          "help": {
            "online": "http://community.arduboy.com/"
          },
          "url": "https://raw.githubusercontent.com/MrBlinky/Arduboy-homemade-package/master/board-package/arduboy-homemade-1.2.4.zip",
          "archiveFileName": "arduboy-homemade-1.2.4.zip",
          "checksum": "SHA-256:bd6c98a9ce96fd2a5faae9746ec96eba2ca7b1c052365ee9822f0209698d6665",
          "size": "834885",
          "boards": [
            {"name": "Arduboy production"},
            {"name": "Arduboy DevKit"},
            {"name": "Arduino Leonardo"},
            {"name": "Arduino / Genuino Micro"},
            {"name": "SparkFun ProMicro 5V"}
          ],
          "toolsDependencies": [
		  ]
        },
        {
          "name": "Arduboy homemade package",
          "architecture": "avr",
          "version": "1.2.5",
          "category": "Contributed",
          "help": {
            "online": "http://community.arduboy.com/"
          },
          "url": "https://raw.githubusercontent.com/MrBlinky/Arduboy-homemade-package/master/board-package/arduboy-homemade-1.2.5.zip",
          "archiveFileName": "arduboy-homemade-1.2.5.zip",
          "checksum": "SHA-256:56105973de4089bdce2b9ce04a271dac3d26ff731d75c63bf3332c58031b5691",
          "size": "905977",
          "boards": [
            {"name": "Arduboy production"},
            {"name": "Arduboy DevKit"},
            {"name": "Arduino Leonardo"},
            {"name": "Arduino / Genuino Micro"},
            {"name": "SparkFun ProMicro 5V"}
          ],
          "toolsDependencies": [
		  ]
        },
        {
          "name": "Arduboy homemade package",
          "architecture": "avr",
          "version": "1.2.6",
          "category": "Contributed",
          "help": {
            "online": "http://community.arduboy.com/"
          },
          "url": "https://raw.githubusercontent.com/MrBlinky/Arduboy-homemade-package/master/board-package/arduboy-homemade-1.2.6.zip",
          "archiveFileName": "arduboy-homemade-1.2.6.zip",
          "checksum": "SHA-256:78722650ee7ccedc3e0dc3a53835a459940ad044713aa1810eb01c74bf74a196",
          "size": "997471",
          "boards": [
            {"name": "Arduboy production"},
            {"name": "Arduboy DevKit"},
            {"name": "Arduino Leonardo"},
            {"name": "Arduino / Genuino Micro"},
            {"name": "SparkFun ProMicro 5V"}
          ],
          "toolsDependencies": [
		  ]
        },
        {
          "name": "Arduboy homemade package",
          "architecture": "avr",
          "version": "1.2.7",
          "category": "Contributed",
          "help": {
            "online": "http://community.arduboy.com/"
          },
          "url": "https://github.com/MrBlinky/Arduboy-homemade-package/raw/master/board-package/arduboy-homemade-1.2.7a.zip",
          "archiveFileName": "arduboy-homemade-1.2.7a.zip",
          "checksum": "SHA-256:635ccc75c3a2c23c656ea960372d850c1ae6eb68a1f3ea15c7231e024829b931",
          "size": "1002733",
          "boards": [
            {"name": "Arduboy production"},
            {"name": "Arduboy DevKit"},
            {"name": "Arduino Leonardo"},
            {"name": "Arduino / Genuino Micro"},
            {"name": "SparkFun ProMicro 5V"}
          ],
          "toolsDependencies": [
		  ]
        },
        {
          "name": "Arduboy homemade package",
          "architecture": "avr",
          "version": "1.2.8",
          "category": "Contributed",
          "help": {
            "online": "http://community.arduboy.com/"
          },
          "url": "https://github.com/MrBlinky/Arduboy-homemade-package/raw/master/board-package/arduboy-homemade-1.2.8.zip",
          "archiveFileName": "arduboy-homemade-1.2.8.zip",
          "checksum": "SHA-256:f2eabf2e4385c88ea89f1c256627920d61fe51765fe48d9a18d6363ceb04cdf2",
          "size": "1002888",
          "boards": [
            {"name": "Arduboy production"},
            {"name": "Arduboy DevKit"},
            {"name": "Arduino Leonardo"},
            {"name": "Arduino / Genuino Micro"},
            {"name": "SparkFun ProMicro 5V"}
          ],
          "toolsDependencies": [
		  ]
        },
        {
          "name": "Arduboy homemade package",
          "architecture": "avr",
          "version": "1.2.9",
          "category": "Contributed",
          "help": {
            "online": "http://community.arduboy.com/"
          },
          "url": "https://github.com/MrBlinky/Arduboy-homemade-package/raw/master/board-package/arduboy-homemade-1.2.9.zip",
          "archiveFileName": "arduboy-homemade-1.2.9.zip",
          "checksum": "SHA-256:c04b01d3b0bd6cff89067c73b0407b12ecb142fa1e8145be7bdeeba9329f9463",
          "size": "1274735",
          "boards": [
            {"name": "Arduboy production"},
            {"name": "Arduboy DevKit"},
            {"name": "Arduino Leonardo"},
            {"name": "Arduino / Genuino Micro"},
            {"name": "SparkFun ProMicro 5V"}
          ],
          "toolsDependencies": [
		  ]
        }        ],
      "tools":[]
    }
  ]
}
